{
  "accuracy": 0.9988226059654631,
  "precision": 0.9992784992784993,
  "recall": 0.9985580389329488,
  "f1": 0.998918139199423,
  "fraud_detection_rate": 0.9985580389329488,
  "attack_success_rate": 0.0014419610670511895,
  "fraud_total": 1387,
  "fraud_detected": 1385,
  "fraud_missed": 2,
  "confusion_matrix": [
    [
      1160,
      1
    ],
    [
      2,
      1385
    ]
  ]
}